Part Number,PAC,VER,Feature
STM32C011D6,-,-,-
STM32C011F4,-,-,-
STM32C011F6,-,-,-
STM32C011J4,-,-,-
STM32C011J6,-,-,-
STM32C031C4,-,-,-
STM32C031C6,-,-,-
STM32C031F4,-,-,-
STM32C031F6,-,-,-
STM32C031G4,-,-,-
STM32C031G6,-,-,-
STM32C031K4,-,-,-
STM32C031K6,-,-,-
STM32C051C6,-,-,-
STM32C051C8,-,-,-
STM32C051F6,-,-,-
STM32C051F8,-,-,-
STM32C051G6,-,-,-
STM32C051G8,-,-,-
STM32C051K6,-,-,-
STM32C051K8,-,-,-
STM32C071C8,-,-,-
STM32C071CB,-,-,-
STM32C071F8,-,-,-
STM32C071FB,-,-,-
STM32C071G8,-,-,-
STM32C071GB,-,-,-
STM32C071K8,-,-,-
STM32C071KB,-,-,-
STM32C071R8,-,-,-
STM32C071RB,-,-,-
STM32C091CB,-,-,-
STM32C091CC,-,-,-
STM32C091FB,-,-,-
STM32C091FC,-,-,-
STM32C091GB,-,-,-
STM32C091GC,-,-,-
STM32C091KB,-,-,-
STM32C091KC,-,-,-
STM32C091RB,-,-,-
STM32C091RC,-,-,-
STM32C092CB,-,-,-
STM32C092CC,-,-,-
STM32C092FB,-,-,-
STM32C092FC,-,-,-
STM32C092GB,-,-,-
STM32C092GC,-,-,-
STM32C092KB,-,-,-
STM32C092KC,-,-,-
STM32C092RB,-,-,-
STM32C092RC,-,-,-
STM32F030C6,stm32f0,0.15.1,stm32f0x0
STM32F030C8,stm32f0,0.15.1,stm32f0x0
STM32F030CC,stm32f0,0.15.1,stm32f0x0
STM32F030F4,stm32f0,0.15.1,stm32f0x0
STM32F030K6,stm32f0,0.15.1,stm32f0x0
STM32F030R8,stm32f0,0.15.1,stm32f0x0
STM32F030RC,stm32f0,0.15.1,stm32f0x0
STM32F031C4,stm32f0,0.15.1,stm32f0x1
STM32F031C6,stm32f0,0.15.1,stm32f0x1
STM32F031E6,stm32f0,0.15.1,stm32f0x1
STM32F031F4,stm32f0,0.15.1,stm32f0x1
STM32F031F6,stm32f0,0.15.1,stm32f0x1
STM32F031G4,stm32f0,0.15.1,stm32f0x1
STM32F031G6,stm32f0,0.15.1,stm32f0x1
STM32F031K4,stm32f0,0.15.1,stm32f0x1
STM32F031K6,stm32f0,0.15.1,stm32f0x1
STM32F038C6,stm32f0,0.15.1,stm32f0x8
STM32F038E6,stm32f0,0.15.1,stm32f0x8
STM32F038F6,stm32f0,0.15.1,stm32f0x8
STM32F038G6,stm32f0,0.15.1,stm32f0x8
STM32F038K6,stm32f0,0.15.1,stm32f0x8
STM32F042C4,stm32f0,0.15.1,stm32f0x2
STM32F042C4,stm32f0,0.15.1,stm32f0x2
STM32F042C4,stm32f0,0.15.1,stm32f0x2
STM32F042F6,stm32f0,0.15.1,stm32f0x2
STM32F042G4,stm32f0,0.15.1,stm32f0x2
STM32F042G6,stm32f0,0.15.1,stm32f0x2
STM32F042K4,stm32f0,0.15.1,stm32f0x2
STM32F042K6,stm32f0,0.15.1,stm32f0x2
STM32F042T6,stm32f0,0.15.1,stm32f0x2
STM32F048C6,stm32f0,0.15.1,stm32f0x8
STM32F048G6,stm32f0,0.15.1,stm32f0x8
STM32F048T6,stm32f0,0.15.1,stm32f0x8
STM32F051C4,stm32f0,0.15.1,stm32f0x1
STM32F051C6,stm32f0,0.15.1,stm32f0x1
STM32F051C8,stm32f0,0.15.1,stm32f0x1
STM32F051K4,stm32f0,0.15.1,stm32f0x1
STM32F051K6,stm32f0,0.15.1,stm32f0x1
STM32F051K8,stm32f0,0.15.1,stm32f0x1
STM32F051R4,stm32f0,0.15.1,stm32f0x1
STM32F051R6,stm32f0,0.15.1,stm32f0x1
STM32F051R8,stm32f0,0.15.1,stm32f0x1
STM32F051T8,stm32f0,0.15.1,stm32f0x1
STM32F058C8,stm32f0,0.15.1,stm32f0x8
STM32F058R8,stm32f0,0.15.1,stm32f0x8
STM32F058T8,stm32f0,0.15.1,stm32f0x8
STM32F070C6,stm32f0,0.15.1,stm32f0x0
STM32F070CB,stm32f0,0.15.1,stm32f0x0
STM32F070F6,stm32f0,0.15.1,stm32f0x0
STM32F070RB,stm32f0,0.15.1,stm32f0x0
STM32F071C8,stm32f0,0.15.1,stm32f0x1
STM32F071CB,stm32f0,0.15.1,stm32f0x1
STM32F071RB,stm32f0,0.15.1,stm32f0x1
STM32F071V8,stm32f0,0.15.1,stm32f0x1
STM32F071VB,stm32f0,0.15.1,stm32f0x1
STM32F072C8,stm32f0,0.15.1,stm32f0x2
STM32F072CB,stm32f0,0.15.1,stm32f0x2
STM32F072R8,stm32f0,0.15.1,stm32f0x2
STM32F072RB,stm32f0,0.15.1,stm32f0x2
STM32F072V8,stm32f0,0.15.1,stm32f0x2
STM32F072VB,stm32f0,0.15.1,stm32f0x2
STM32F078CB,stm32f0,0.15.1,stm32f0x8
STM32F078RB,stm32f0,0.15.1,stm32f0x8
STM32F078VB,stm32f0,0.15.1,stm32f0x8
STM32F091CB,stm32f0,0.15.1,stm32f0x1
STM32F091CC,stm32f0,0.15.1,stm32f0x1
STM32F091RB,stm32f0,0.15.1,stm32f0x1
STM32F091RC,stm32f0,0.15.1,stm32f0x1
STM32F091VB,stm32f0,0.15.1,stm32f0x1
STM32F091VC,stm32f0,0.15.1,stm32f0x1
STM32F098CC,stm32f0,0.15.1,stm32f0x8
STM32F098RC,stm32f0,0.15.1,stm32f0x8
STM32F098VC,stm32f0,0.15.1,stm32f0x8
STM32F100C4,stm32f1,0.15.1,stm32f100
STM32F100C6,stm32f1,0.15.1,stm32f100
STM32F100C8,stm32f1,0.15.1,stm32f100
STM32F100CB,stm32f1,0.15.1,stm32f100
STM32F100R4,stm32f1,0.15.1,stm32f100
STM32F100R6,stm32f1,0.15.1,stm32f100
STM32F100R8,stm32f1,0.15.1,stm32f100
STM32F100RB,stm32f1,0.15.1,stm32f100
STM32F100RC,stm32f1,0.15.1,stm32f100
STM32F100RD,stm32f1,0.15.1,stm32f100
STM32F100RE,stm32f1,0.15.1,stm32f100
STM32F100V8,stm32f1,0.15.1,stm32f100
STM32F100VB,stm32f1,0.15.1,stm32f100
STM32F100VC,stm32f1,0.15.1,stm32f100
STM32F100VD,stm32f1,0.15.1,stm32f100
STM32F100VE,stm32f1,0.15.1,stm32f100
STM32F100ZC,stm32f1,0.15.1,stm32f100
STM32F100ZD,stm32f1,0.15.1,stm32f100
STM32F100ZE,stm32f1,0.15.1,stm32f100
STM32F101C4,stm32f1,0.15.1,stm32f101
STM32F101C6,stm32f1,0.15.1,stm32f101
STM32F101C8,stm32f1,0.15.1,stm32f101
STM32F101CB,stm32f1,0.15.1,stm32f101
STM32F101R4,stm32f1,0.15.1,stm32f101
STM32F101R6,stm32f1,0.15.1,stm32f101
STM32F101R8,stm32f1,0.15.1,stm32f101
STM32F101RB,stm32f1,0.15.1,stm32f101
STM32F101RC,stm32f1,0.15.1,stm32f101
STM32F101RD,stm32f1,0.15.1,stm32f101
STM32F101RE,stm32f1,0.15.1,stm32f101
STM32F101RF,stm32f1,0.15.1,stm32f101
STM32F101RG,stm32f1,0.15.1,stm32f101
STM32F101T4,stm32f1,0.15.1,stm32f101
STM32F101T6,stm32f1,0.15.1,stm32f101
STM32F101T8,stm32f1,0.15.1,stm32f101
STM32F101TB,stm32f1,0.15.1,stm32f101
STM32F101V8,stm32f1,0.15.1,stm32f101
STM32F101VB,stm32f1,0.15.1,stm32f101
STM32F101VC,stm32f1,0.15.1,stm32f101
STM32F101VD,stm32f1,0.15.1,stm32f101
STM32F101VE,stm32f1,0.15.1,stm32f101
STM32F101VF,stm32f1,0.15.1,stm32f101
STM32F101VG,stm32f1,0.15.1,stm32f101
STM32F101ZC,stm32f1,0.15.1,stm32f101
STM32F101ZD,stm32f1,0.15.1,stm32f101
STM32F101ZE,stm32f1,0.15.1,stm32f101
STM32F101ZF,stm32f1,0.15.1,stm32f101
STM32F101ZG,stm32f1,0.15.1,stm32f101
STM32F102C4,stm32f1,0.15.1,stm32f102
STM32F102C6,stm32f1,0.15.1,stm32f102
STM32F102C8,stm32f1,0.15.1,stm32f102
STM32F102CB,stm32f1,0.15.1,stm32f102
STM32F102R4,stm32f1,0.15.1,stm32f102
STM32F102R6,stm32f1,0.15.1,stm32f102
STM32F102R8,stm32f1,0.15.1,stm32f102
STM32F102RB,stm32f1,0.15.1,stm32f102
STM32F103C4,stm32f1,0.15.1,stm32f103
STM32F103C6,stm32f1,0.15.1,stm32f103
STM32F103C8,stm32f1,0.15.1,stm32f103
STM32F103CB,stm32f1,0.15.1,stm32f103
STM32F103R4,stm32f1,0.15.1,stm32f103
STM32F103R6,stm32f1,0.15.1,stm32f103
STM32F103R8,stm32f1,0.15.1,stm32f103
STM32F103RB,stm32f1,0.15.1,stm32f103
STM32F103RC,stm32f1,0.15.1,stm32f103
STM32F103RD,stm32f1,0.15.1,stm32f103
STM32F103RE,stm32f1,0.15.1,stm32f103
STM32F103RF,stm32f1,0.15.1,stm32f103
STM32F103RG,stm32f1,0.15.1,stm32f103
STM32F103T4,stm32f1,0.15.1,stm32f103
STM32F103T6,stm32f1,0.15.1,stm32f103
STM32F103T8,stm32f1,0.15.1,stm32f103
STM32F103TB,stm32f1,0.15.1,stm32f103
STM32F103V8,stm32f1,0.15.1,stm32f103
STM32F103VB,stm32f1,0.15.1,stm32f103
STM32F103VC,stm32f1,0.15.1,stm32f103
STM32F103VD,stm32f1,0.15.1,stm32f103
STM32F103VE,stm32f1,0.15.1,stm32f103
STM32F103VF,stm32f1,0.15.1,stm32f103
STM32F103VG,stm32f1,0.15.1,stm32f103
STM32F103ZC,stm32f1,0.15.1,stm32f103
STM32F103ZD,stm32f1,0.15.1,stm32f103
STM32F103ZE,stm32f1,0.15.1,stm32f103
STM32F103ZF,stm32f1,0.15.1,stm32f103
STM32F103ZG,stm32f1,0.15.1,stm32f103
STM32F105R8,stm32f1,0.15.1,stm32f107
STM32F105RB,stm32f1,0.15.1,stm32f107
STM32F105RC,stm32f1,0.15.1,stm32f107
STM32F105V8,stm32f1,0.15.1,stm32f107
STM32F105VB,stm32f1,0.15.1,stm32f107
STM32F105VC,stm32f1,0.15.1,stm32f107
STM32F107RB,stm32f1,0.15.1,stm32f107
STM32F107RC,stm32f1,0.15.1,stm32f107
STM32F107VB,stm32f1,0.15.1,stm32f107
STM32F107VC,stm32f1,0.15.1,stm32f107
STM32F205RB,stm32f2,0.15.1,stm32f215
STM32F205RC,stm32f2,0.15.1,stm32f215
STM32F205RE,stm32f2,0.15.1,stm32f215
STM32F205RF,stm32f2,0.15.1,stm32f215
STM32F205RG,stm32f2,0.15.1,stm32f215
STM32F205VB,stm32f2,0.15.1,stm32f215
STM32F205VC,stm32f2,0.15.1,stm32f215
STM32F205VE,stm32f2,0.15.1,stm32f215
STM32F205VF,stm32f2,0.15.1,stm32f215
STM32F205VG,stm32f2,0.15.1,stm32f215
STM32F205ZC,stm32f2,0.15.1,stm32f215
STM32F205ZE,stm32f2,0.15.1,stm32f215
STM32F205ZF,stm32f2,0.15.1,stm32f215
STM32F205ZG,stm32f2,0.15.1,stm32f215
STM32F207IC,stm32f2,0.15.1,stm32f217
STM32F207IE,stm32f2,0.15.1,stm32f217
STM32F207IF,stm32f2,0.15.1,stm32f217
STM32F207IG,stm32f2,0.15.1,stm32f217
STM32F207VC,stm32f2,0.15.1,stm32f217
STM32F207VE,stm32f2,0.15.1,stm32f217
STM32F207VF,stm32f2,0.15.1,stm32f217
STM32F207VG,stm32f2,0.15.1,stm32f217
STM32F207ZC,stm32f2,0.15.1,stm32f217
STM32F207ZE,stm32f2,0.15.1,stm32f217
STM32F207ZF,stm32f2,0.15.1,stm32f217
STM32F207ZG,stm32f2,0.15.1,stm32f217
STM32F215RE,stm32f2,0.15.1,stm32f215
STM32F215RG,stm32f2,0.15.1,stm32f215
STM32F215VE,stm32f2,0.15.1,stm32f215
STM32F215VG,stm32f2,0.15.1,stm32f215
STM32F215ZE,stm32f2,0.15.1,stm32f215
STM32F215ZG,stm32f2,0.15.1,stm32f215
STM32F217IE,stm32f2,0.15.1,stm32f217
STM32F217IG,stm32f2,0.15.1,stm32f217
STM32F217VE,stm32f2,0.15.1,stm32f217
STM32F217VG,stm32f2,0.15.1,stm32f217
STM32F217ZE,stm32f2,0.15.1,stm32f217
STM32F217ZG,stm32f2,0.15.1,stm32f217
STM32F301C6,stm32f3,0.15.1,stm32f301
STM32F301C8,stm32f3,0.15.1,stm32f301
STM32F301K6,stm32f3,0.15.1,stm32f301
STM32F301K8,stm32f3,0.15.1,stm32f301
STM32F301R6,stm32f3,0.15.1,stm32f301
STM32F301R8,stm32f3,0.15.1,stm32f301
STM32F302C6,stm32f3,0.15.1,stm32f302
STM32F302C8,stm32f3,0.15.1,stm32f302
STM32F302CB,stm32f3,0.15.1,stm32f302
STM32F302CC,stm32f3,0.15.1,stm32f302
STM32F302K6,stm32f3,0.15.1,stm32f302
STM32F302K8,stm32f3,0.15.1,stm32f302
STM32F302R6,stm32f3,0.15.1,stm32f302
STM32F302R8,stm32f3,0.15.1,stm32f302
STM32F302RB,stm32f3,0.15.1,stm32f302
STM32F302RC,stm32f3,0.15.1,stm32f302
STM32F302RD,stm32f3,0.15.1,stm32f302
STM32F302RE,stm32f3,0.15.1,stm32f302
STM32F302VB,stm32f3,0.15.1,stm32f302
STM32F302VC,stm32f3,0.15.1,stm32f302
STM32F302VD,stm32f3,0.15.1,stm32f302
STM32F302VE,stm32f3,0.15.1,stm32f302
STM32F302ZD,stm32f3,0.15.1,stm32f302
STM32F302ZE,stm32f3,0.15.1,stm32f302
STM32F303C6,stm32f3,0.15.1,stm32f303
STM32F303C8,stm32f3,0.15.1,stm32f303
STM32F303CB,stm32f3,0.15.1,stm32f303
STM32F303CC,stm32f3,0.15.1,stm32f303
STM32F303K6,stm32f3,0.15.1,stm32f303
STM32F303K8,stm32f3,0.15.1,stm32f303
STM32F303R6,stm32f3,0.15.1,stm32f303
STM32F303R8,stm32f3,0.15.1,stm32f303
STM32F303RB,stm32f3,0.15.1,stm32f303
STM32F303RC,stm32f3,0.15.1,stm32f303
STM32F303RD,stm32f3,0.15.1,stm32f303
STM32F303RE,stm32f3,0.15.1,stm32f303
STM32F303VB,stm32f3,0.15.1,stm32f303
STM32F303VC,stm32f3,0.15.1,stm32f303
STM32F303VD,stm32f3,0.15.1,stm32f303
STM32F303VE,stm32f3,0.15.1,stm32f303
STM32F303ZD,stm32f3,0.15.1,stm32f303
STM32F303ZE,stm32f3,0.15.1,stm32f303
STM32F318C8,stm32f3,0.15.1,stm32f301
STM32F318K8,stm32f3,0.15.1,stm32f301
STM32F328C8,stm32f3,0.15.1,stm32f303
STM32F334C4,stm32f3,0.15.1,stm32f3x4
STM32F334C6,stm32f3,0.15.1,stm32f3x4
STM32F334C8,stm32f3,0.15.1,stm32f3x4
STM32F334K4,stm32f3,0.15.1,stm32f3x4
STM32F334K6,stm32f3,0.15.1,stm32f3x4
STM32F334K8,stm32f3,0.15.1,stm32f3x4
STM32F334R6,stm32f3,0.15.1,stm32f3x4
STM32F334R8,stm32f3,0.15.1,stm32f3x4
STM32F358CC,stm32f3,0.15.1,stm32f303
STM32F358RC,stm32f3,0.15.1,stm32f303
STM32F358VC,stm32f3,0.15.1,stm32f303
STM32F373C8,stm32f3,0.15.1,stm32f373
STM32F373CB,stm32f3,0.15.1,stm32f373
STM32F373CC,stm32f3,0.15.1,stm32f373
STM32F373R8,stm32f3,0.15.1,stm32f373
STM32F373RB,stm32f3,0.15.1,stm32f373
STM32F373RC,stm32f3,0.15.1,stm32f373
STM32F373V8,stm32f3,0.15.1,stm32f373
STM32F373VB,stm32f3,0.15.1,stm32f373
STM32F373VC,stm32f3,0.15.1,stm32f373
STM32F378CC,stm32f3,0.15.1,stm32f373
STM32F378RC,stm32f3,0.15.1,stm32f373
STM32F378VC,stm32f3,0.15.1,stm32f373
STM32F398VE,stm32f3,0.15.1,stm32f303
STM32F401CB,stm32f4,0.15.1,stm32f401
STM32F401CC,stm32f4,0.15.1,stm32f401
STM32F401CD,stm32f4,0.15.1,stm32f401
STM32F401CE,stm32f4,0.15.1,stm32f401
STM32F401RB,stm32f4,0.15.1,stm32f401
STM32F401RC,stm32f4,0.15.1,stm32f401
STM32F401RD,stm32f4,0.15.1,stm32f401
STM32F401RE,stm32f4,0.15.1,stm32f401
STM32F401VB,stm32f4,0.15.1,stm32f401
STM32F401VC,stm32f4,0.15.1,stm32f401
STM32F401VD,stm32f4,0.15.1,stm32f401
STM32F401VE,stm32f4,0.15.1,stm32f401
STM32F405OE,stm32f4,0.15.1,stm32f405
STM32F405OG,stm32f4,0.15.1,stm32f405
STM32F405RG,stm32f4,0.15.1,stm32f405
STM32F405VG,stm32f4,0.15.1,stm32f405
STM32F405ZG,stm32f4,0.15.1,stm32f405
STM32F407IE,stm32f4,0.15.1,stm32f407
STM32F407IG,stm32f4,0.15.1,stm32f407
STM32F407VE,stm32f4,0.15.1,stm32f407
STM32F407VG,stm32f4,0.15.1,stm32f407
STM32F407ZE,stm32f4,0.15.1,stm32f407
STM32F407ZG,stm32f4,0.15.1,stm32f407
STM32F410C8,stm32f4,0.15.1,stm32f410
STM32F410CB,stm32f4,0.15.1,stm32f410
STM32F410R8,stm32f4,0.15.1,stm32f410
STM32F410RB,stm32f4,0.15.1,stm32f410
STM32F410T8,stm32f4,0.15.1,stm32f410
STM32F410TB,stm32f4,0.15.1,stm32f410
STM32F411CC,stm32f4,0.15.1,stm32f411
STM32F411CE,stm32f4,0.15.1,stm32f411
STM32F411RC,stm32f4,0.15.1,stm32f411
STM32F411RE,stm32f4,0.15.1,stm32f411
STM32F411VC,stm32f4,0.15.1,stm32f411
STM32F411VE,stm32f4,0.15.1,stm32f411
STM32F412CE,stm32f4,0.15.1,stm32f412
STM32F412CG,stm32f4,0.15.1,stm32f412
STM32F412RE,stm32f4,0.15.1,stm32f412
STM32F412RG,stm32f4,0.15.1,stm32f412
STM32F412VE,stm32f4,0.15.1,stm32f412
STM32F412VG,stm32f4,0.15.1,stm32f412
STM32F412ZE,stm32f4,0.15.1,stm32f412
STM32F412ZG,stm32f4,0.15.1,stm32f412
STM32F413CG,stm32f4,0.15.1,stm32f413
STM32F413CH,stm32f4,0.15.1,stm32f413
STM32F413MG,stm32f4,0.15.1,stm32f413
STM32F413MH,stm32f4,0.15.1,stm32f413
STM32F413RG,stm32f4,0.15.1,stm32f413
STM32F413RH,stm32f4,0.15.1,stm32f413
STM32F413VG,stm32f4,0.15.1,stm32f413
STM32F413VH,stm32f4,0.15.1,stm32f413
STM32F413ZG,stm32f4,0.15.1,stm32f413
STM32F413ZH,stm32f4,0.15.1,stm32f413
STM32F415OG,stm32f4,0.15.1,stm32f405
STM32F415RG,stm32f4,0.15.1,stm32f405
STM32F415VG,stm32f4,0.15.1,stm32f405
STM32F415ZG,stm32f4,0.15.1,stm32f405
STM32F417IE,stm32f4,0.15.1,stm32f407
STM32F417IG,stm32f4,0.15.1,stm32f407
STM32F417VE,stm32f4,0.15.1,stm32f407
STM32F417VG,stm32f4,0.15.1,stm32f407
STM32F417ZE,stm32f4,0.15.1,stm32f407
STM32F417ZG,stm32f4,0.15.1,stm32f407
STM32F423CH,stm32f4,0.15.1,stm32f413
STM32F423MH,stm32f4,0.15.1,stm32f413
STM32F423RH,stm32f4,0.15.1,stm32f413
STM32F423VH,stm32f4,0.15.1,stm32f413
STM32F423ZH,stm32f4,0.15.1,stm32f413
STM32F427AG,stm32f4,0.15.1,stm32f427
STM32F427AI,stm32f4,0.15.1,stm32f427
STM32F427IG,stm32f4,0.15.1,stm32f427
STM32F427II,stm32f4,0.15.1,stm32f427
STM32F427VG,stm32f4,0.15.1,stm32f427
STM32F427VI,stm32f4,0.15.1,stm32f427
STM32F427ZG,stm32f4,0.15.1,stm32f427
STM32F427ZI,stm32f4,0.15.1,stm32f427
STM32F429AG,stm32f4,0.15.1,stm32f429
STM32F429AI,stm32f4,0.15.1,stm32f429
STM32F429BE,stm32f4,0.15.1,stm32f429
STM32F429BG,stm32f4,0.15.1,stm32f429
STM32F429BI,stm32f4,0.15.1,stm32f429
STM32F429IE,stm32f4,0.15.1,stm32f429
STM32F429IG,stm32f4,0.15.1,stm32f429
STM32F429II,stm32f4,0.15.1,stm32f429
STM32F429NE,stm32f4,0.15.1,stm32f429
STM32F429NG,stm32f4,0.15.1,stm32f429
STM32F429NI,stm32f4,0.15.1,stm32f429
STM32F429VE,stm32f4,0.15.1,stm32f429
STM32F429VG,stm32f4,0.15.1,stm32f429
STM32F429VI,stm32f4,0.15.1,stm32f429
STM32F429ZE,stm32f4,0.15.1,stm32f429
STM32F429ZG,stm32f4,0.15.1,stm32f429
STM32F429ZI,stm32f4,0.15.1,stm32f429
STM32F437AI,stm32f4,0.15.1,stm32f427
STM32F437IG,stm32f4,0.15.1,stm32f427
STM32F437II,stm32f4,0.15.1,stm32f427
STM32F437VG,stm32f4,0.15.1,stm32f427
STM32F437VI,stm32f4,0.15.1,stm32f427
STM32F437ZG,stm32f4,0.15.1,stm32f427
STM32F437ZI,stm32f4,0.15.1,stm32f427
STM32F439AI,stm32f4,0.15.1,stm32f429
STM32F439BG,stm32f4,0.15.1,stm32f429
STM32F439BI,stm32f4,0.15.1,stm32f429
STM32F439IG,stm32f4,0.15.1,stm32f429
STM32F439II,stm32f4,0.15.1,stm32f429
STM32F439NG,stm32f4,0.15.1,stm32f429
STM32F439NI,stm32f4,0.15.1,stm32f429
STM32F439VG,stm32f4,0.15.1,stm32f429
STM32F439VI,stm32f4,0.15.1,stm32f429
STM32F439ZG,stm32f4,0.15.1,stm32f429
STM32F439ZI,stm32f4,0.15.1,stm32f429
STM32F446MC,stm32f4,0.15.1,stm32f446
STM32F446ME,stm32f4,0.15.1,stm32f446
STM32F446RC,stm32f4,0.15.1,stm32f446
STM32F446RE,stm32f4,0.15.1,stm32f446
STM32F446VC,stm32f4,0.15.1,stm32f446
STM32F446VE,stm32f4,0.15.1,stm32f446
STM32F446ZC,stm32f4,0.15.1,stm32f446
STM32F446ZE,stm32f4,0.15.1,stm32f446
STM32F469AE,stm32f4,0.15.1,stm32f469
STM32F469AG,stm32f4,0.15.1,stm32f469
STM32F469AI,stm32f4,0.15.1,stm32f469
STM32F469BE,stm32f4,0.15.1,stm32f469
STM32F469BG,stm32f4,0.15.1,stm32f469
STM32F469BI,stm32f4,0.15.1,stm32f469
STM32F469IE,stm32f4,0.15.1,stm32f469
STM32F469IG,stm32f4,0.15.1,stm32f469
STM32F469II,stm32f4,0.15.1,stm32f469
STM32F469NE,stm32f4,0.15.1,stm32f469
STM32F469NG,stm32f4,0.15.1,stm32f469
STM32F469NI,stm32f4,0.15.1,stm32f469
STM32F469VE,stm32f4,0.15.1,stm32f469
STM32F469VG,stm32f4,0.15.1,stm32f469
STM32F469VI,stm32f4,0.15.1,stm32f469
STM32F469ZE,stm32f4,0.15.1,stm32f469
STM32F469ZG,stm32f4,0.15.1,stm32f469
STM32F469ZI,stm32f4,0.15.1,stm32f469
STM32F479AG,stm32f4,0.15.1,stm32f469
STM32F479AI,stm32f4,0.15.1,stm32f469
STM32F479BG,stm32f4,0.15.1,stm32f469
STM32F479BI,stm32f4,0.15.1,stm32f469
STM32F479IG,stm32f4,0.15.1,stm32f469
STM32F479II,stm32f4,0.15.1,stm32f469
STM32F479NG,stm32f4,0.15.1,stm32f469
STM32F479NI,stm32f4,0.15.1,stm32f469
STM32F479VG,stm32f4,0.15.1,stm32f469
STM32F479VI,stm32f4,0.15.1,stm32f469
STM32F479ZG,stm32f4,0.15.1,stm32f469
STM32F479ZI,stm32f4,0.15.1,stm32f469
STM32F722IC,stm32f7,0.15.1,stm32f7x2
STM32F722IE,stm32f7,0.15.1,stm32f7x2
STM32F722RC,stm32f7,0.15.1,stm32f7x2
STM32F722RE,stm32f7,0.15.1,stm32f7x2
STM32F722VC,stm32f7,0.15.1,stm32f7x2
STM32F722VE,stm32f7,0.15.1,stm32f7x2
STM32F722ZC,stm32f7,0.15.1,stm32f7x2
STM32F722ZE,stm32f7,0.15.1,stm32f7x2
STM32F723IC,stm32f7,0.15.1,stm32f7x3
STM32F723IE,stm32f7,0.15.1,stm32f7x3
STM32F723VC,stm32f7,0.15.1,stm32f7x3
STM32F723VE,stm32f7,0.15.1,stm32f7x3
STM32F723ZC,stm32f7,0.15.1,stm32f7x3
STM32F723ZE,stm32f7,0.15.1,stm32f7x3
STM32F730I8,stm32f7,0.15.1,stm32f730
STM32F730R8,stm32f7,0.15.1,stm32f730
STM32F730V8,stm32f7,0.15.1,stm32f730
STM32F730Z8,stm32f7,0.15.1,stm32f730
STM32F732IE,stm32f7,0.15.1,stm32f7x2
STM32F732RE,stm32f7,0.15.1,stm32f7x2
STM32F732VE,stm32f7,0.15.1,stm32f7x2
STM32F732ZE,stm32f7,0.15.1,stm32f7x2
STM32F733IE,stm32f7,0.15.1,stm32f7x3
STM32F733VE,stm32f7,0.15.1,stm32f7x3
STM32F733ZE,stm32f7,0.15.1,stm32f7x3
STM32F745IE,stm32f7,0.15.1,stm32f745
STM32F745IG,stm32f7,0.15.1,stm32f745
STM32F745VE,stm32f7,0.15.1,stm32f745
STM32F745VG,stm32f7,0.15.1,stm32f745
STM32F745ZE,stm32f7,0.15.1,stm32f745
STM32F745ZG,stm32f7,0.15.1,stm32f745
STM32F746BE,stm32f7,0.15.1,stm32f7x6
STM32F746BG,stm32f7,0.15.1,stm32f7x6
STM32F746IE,stm32f7,0.15.1,stm32f7x6
STM32F746IG,stm32f7,0.15.1,stm32f7x6
STM32F746NE,stm32f7,0.15.1,stm32f7x6
STM32F746NG,stm32f7,0.15.1,stm32f7x6
STM32F746VE,stm32f7,0.15.1,stm32f7x6
STM32F746VG,stm32f7,0.15.1,stm32f7x6
STM32F746ZE,stm32f7,0.15.1,stm32f7x6
STM32F746ZG,stm32f7,0.15.1,stm32f7x6
STM32F750N8,stm32f7,0.15.1,stm32f750
STM32F750V8,stm32f7,0.15.1,stm32f750
STM32F750Z8,stm32f7,0.15.1,stm32f750
STM32F756BG,stm32f7,0.15.1,stm32f7x6
STM32F756IG,stm32f7,0.15.1,stm32f7x6
STM32F756NG,stm32f7,0.15.1,stm32f7x6
STM32F756VG,stm32f7,0.15.1,stm32f7x6
STM32F756ZG,stm32f7,0.15.1,stm32f7x6
STM32F765BG,stm32f7,0.15.1,stm32f765
STM32F765BI,stm32f7,0.15.1,stm32f765
STM32F765IG,stm32f7,0.15.1,stm32f765
STM32F765II,stm32f7,0.15.1,stm32f765
STM32F765NG,stm32f7,0.15.1,stm32f765
STM32F765NI,stm32f7,0.15.1,stm32f765
STM32F765VG,stm32f7,0.15.1,stm32f765
STM32F765VI,stm32f7,0.15.1,stm32f765
STM32F765ZG,stm32f7,0.15.1,stm32f765
STM32F765ZI,stm32f7,0.15.1,stm32f765
STM32F767BG,stm32f7,0.15.1,stm32f7x7
STM32F767BI,stm32f7,0.15.1,stm32f7x7
STM32F767IG,stm32f7,0.15.1,stm32f7x7
STM32F767II,stm32f7,0.15.1,stm32f7x7
STM32F767NG,stm32f7,0.15.1,stm32f7x7
STM32F767NI,stm32f7,0.15.1,stm32f7x7
STM32F767VG,stm32f7,0.15.1,stm32f7x7
STM32F767VI,stm32f7,0.15.1,stm32f7x7
STM32F767ZG,stm32f7,0.15.1,stm32f7x7
STM32F767ZI,stm32f7,0.15.1,stm32f7x7
STM32F769AI,stm32f7,0.15.1,stm32f7x9
STM32F769BG,stm32f7,0.15.1,stm32f7x9
STM32F769BI,stm32f7,0.15.1,stm32f7x9
STM32F769IG,stm32f7,0.15.1,stm32f7x9
STM32F769II,stm32f7,0.15.1,stm32f7x9
STM32F769NG,stm32f7,0.15.1,stm32f7x9
STM32F769NI,stm32f7,0.15.1,stm32f7x9
STM32F777BI,stm32f7,0.15.1,stm32f7x7
STM32F777II,stm32f7,0.15.1,stm32f7x7
STM32F777NI,stm32f7,0.15.1,stm32f7x7
STM32F777VI,stm32f7,0.15.1,stm32f7x7
STM32F777ZI,stm32f7,0.15.1,stm32f7x7
STM32F778AI,stm32f7,0.15.1,stm32f7x9
STM32F779AI,stm32f7,0.15.1,stm32f7x9
STM32F779BI,stm32f7,0.15.1,stm32f7x9
STM32F779II,stm32f7,0.15.1,stm32f7x9
STM32F779NI,stm32f7,0.15.1,stm32f7x9
STM32G030C6,stm32g0,0.15.1,stm32g030
STM32G030C8,stm32g0,0.15.1,stm32g030
STM32G030F6,stm32g0,0.15.1,stm32g030
STM32G030J6,stm32g0,0.15.1,stm32g030
STM32G030K6,stm32g0,0.15.1,stm32g030
STM32G030K8,stm32g0,0.15.1,stm32g030
STM32G031C4,stm32g0,0.15.1,stm32g031
STM32G031C6,stm32g0,0.15.1,stm32g031
STM32G031C8,stm32g0,0.15.1,stm32g031
STM32G031F4,stm32g0,0.15.1,stm32g031
STM32G031F6,stm32g0,0.15.1,stm32g031
STM32G031F8,stm32g0,0.15.1,stm32g031
STM32G031G4,stm32g0,0.15.1,stm32g031
STM32G031G6,stm32g0,0.15.1,stm32g031
STM32G031G8,stm32g0,0.15.1,stm32g031
STM32G031J4,stm32g0,0.15.1,stm32g031
STM32G031J6,stm32g0,0.15.1,stm32g031
STM32G031K4,stm32g0,0.15.1,stm32g031
STM32G031K6,stm32g0,0.15.1,stm32g031
STM32G031K8,stm32g0,0.15.1,stm32g031
STM32G031Y8,stm32g0,0.15.1,stm32g031
STM32G041C6,stm32g0,0.15.1,stm32g041
STM32G041C8,stm32g0,0.15.1,stm32g041
STM32G041F6,stm32g0,0.15.1,stm32g041
STM32G041F8,stm32g0,0.15.1,stm32g041
STM32G041G6,stm32g0,0.15.1,stm32g041
STM32G041G8,stm32g0,0.15.1,stm32g041
STM32G041J6,stm32g0,0.15.1,stm32g041
STM32G041K6,stm32g0,0.15.1,stm32g041
STM32G041K8,stm32g0,0.15.1,stm32g041
STM32G041Y8,stm32g0,0.15.1,stm32g041
STM32G050C6,stm32g0,0.15.1,stm32g050
STM32G050C8,stm32g0,0.15.1,stm32g050
STM32G050F6,stm32g0,0.15.1,stm32g050
STM32G050K6,stm32g0,0.15.1,stm32g050
STM32G050K8,stm32g0,0.15.1,stm32g050
STM32G051C6,stm32g0,0.15.1,stm32g051
STM32G051C8,stm32g0,0.15.1,stm32g051
STM32G051F6,stm32g0,0.15.1,stm32g051
STM32G051F8,stm32g0,0.15.1,stm32g051
STM32G051G6,stm32g0,0.15.1,stm32g051
STM32G051G8,stm32g0,0.15.1,stm32g051
STM32G051K6,stm32g0,0.15.1,stm32g051
STM32G051K8,stm32g0,0.15.1,stm32g051
STM32G061C6,stm32g0,0.15.1,stm32g061
STM32G061C8,stm32g0,0.15.1,stm32g061
STM32G061F6,stm32g0,0.15.1,stm32g061
STM32G061F8,stm32g0,0.15.1,stm32g061
STM32G061G6,stm32g0,0.15.1,stm32g061
STM32G061G8,stm32g0,0.15.1,stm32g061
STM32G061K6,stm32g0,0.15.1,stm32g061
STM32G061K8,stm32g0,0.15.1,stm32g061
STM32G070CB,stm32g0,0.15.1,stm32g070
STM32G070KB,stm32g0,0.15.1,stm32g070
STM32G070RB,stm32g0,0.15.1,stm32g070
STM32G071C8,stm32g0,0.15.1,stm32g071
STM32G071CB,stm32g0,0.15.1,stm32g071
STM32G071EB,stm32g0,0.15.1,stm32g071
STM32G071G8,stm32g0,0.15.1,stm32g071
STM32G071GB,stm32g0,0.15.1,stm32g071
STM32G071K8,stm32g0,0.15.1,stm32g071
STM32G071KB,stm32g0,0.15.1,stm32g071
STM32G071R8,stm32g0,0.15.1,stm32g071
STM32G071RB,stm32g0,0.15.1,stm32g071
STM32G081CB,stm32g0,0.15.1,stm32g081
STM32G081EB,stm32g0,0.15.1,stm32g081
STM32G081GB,stm32g0,0.15.1,stm32g081
STM32G081KB,stm32g0,0.15.1,stm32g081
STM32G081RB,stm32g0,0.15.1,stm32g081
STM32G0B0CE,stm32g0,0.15.1,stm32g0B0
STM32G0B0KE,stm32g0,0.15.1,stm32g0B0
STM32G0B0RE,stm32g0,0.15.1,stm32g0B0
STM32G0B0VE,stm32g0,0.15.1,stm32g0B0
STM32G0B1CB,stm32g0,0.15.1,stm32g0B1
STM32G0B1CC,stm32g0,0.15.1,stm32g0B1
STM32G0B1CE,stm32g0,0.15.1,stm32g0B1
STM32G0B1KB,stm32g0,0.15.1,stm32g0B1
STM32G0B1KC,stm32g0,0.15.1,stm32g0B1
STM32G0B1KE,stm32g0,0.15.1,stm32g0B1
STM32G0B1MB,stm32g0,0.15.1,stm32g0B1
STM32G0B1MC,stm32g0,0.15.1,stm32g0B1
STM32G0B1ME,stm32g0,0.15.1,stm32g0B1
STM32G0B1NE,stm32g0,0.15.1,stm32g0B1
STM32G0B1RB,stm32g0,0.15.1,stm32g0B1
STM32G0B1RC,stm32g0,0.15.1,stm32g0B1
STM32G0B1RE,stm32g0,0.15.1,stm32g0B1
STM32G0B1VB,stm32g0,0.15.1,stm32g0B1
STM32G0B1VC,stm32g0,0.15.1,stm32g0B1
STM32G0B1VE,stm32g0,0.15.1,stm32g0B1
STM32G0C1CC,stm32g0,0.15.1,stm32g0C1
STM32G0C1CE,stm32g0,0.15.1,stm32g0C1
STM32G0C1KC,stm32g0,0.15.1,stm32g0C1
STM32G0C1KE,stm32g0,0.15.1,stm32g0C1
STM32G0C1MC,stm32g0,0.15.1,stm32g0C1
STM32G0C1ME,stm32g0,0.15.1,stm32g0C1
STM32G0C1RC,stm32g0,0.15.1,stm32g0C1
STM32G0C1RE,stm32g0,0.15.1,stm32g0C1
STM32G0C1VC,stm32g0,0.15.1,stm32g0C1
STM32G0C1VE,stm32g0,0.15.1,stm32g0C1
STM32G431C6,stm32g4,0.15.1,stm32g4x1
STM32G431C8,stm32g4,0.15.1,stm32g4x1
STM32G431CB,stm32g4,0.15.1,stm32g4x1
STM32G431K6,stm32g4,0.15.1,stm32g4x1
STM32G431K8,stm32g4,0.15.1,stm32g4x1
STM32G431KB,stm32g4,0.15.1,stm32g4x1
STM32G431M6,stm32g4,0.15.1,stm32g4x1
STM32G431M8,stm32g4,0.15.1,stm32g4x1
STM32G431MB,stm32g4,0.15.1,stm32g4x1
STM32G431R6,stm32g4,0.15.1,stm32g4x1
STM32G431R8,stm32g4,0.15.1,stm32g4x1
STM32G431RB,stm32g4,0.15.1,stm32g4x1
STM32G431V6,stm32g4,0.15.1,stm32g4x1
STM32G431V8,stm32g4,0.15.1,stm32g4x1
STM32G431VB,stm32g4,0.15.1,stm32g4x1
STM32G441CB,stm32g4,0.15.1,stm32g4x1
STM32G441KB,stm32g4,0.15.1,stm32g4x1
STM32G441MB,stm32g4,0.15.1,stm32g4x1
STM32G441RB,stm32g4,0.15.1,stm32g4x1
STM32G441VB,stm32g4,0.15.1,stm32g4x1
STM32G473CB,stm32g4,0.15.1,stm32g4x3
STM32G473CC,stm32g4,0.15.1,stm32g4x3
STM32G473CE,stm32g4,0.15.1,stm32g4x3
STM32G473MB,stm32g4,0.15.1,stm32g4x3
STM32G473MC,stm32g4,0.15.1,stm32g4x3
STM32G473ME,stm32g4,0.15.1,stm32g4x3
STM32G473PB,stm32g4,0.15.1,stm32g4x3
STM32G473PC,stm32g4,0.15.1,stm32g4x3
STM32G473PE,stm32g4,0.15.1,stm32g4x3
STM32G473QB,stm32g4,0.15.1,stm32g4x3
STM32G473QC,stm32g4,0.15.1,stm32g4x3
STM32G473QE,stm32g4,0.15.1,stm32g4x3
STM32G473RB,stm32g4,0.15.1,stm32g4x3
STM32G473RC,stm32g4,0.15.1,stm32g4x3
STM32G473RE,stm32g4,0.15.1,stm32g4x3
STM32G473VB,stm32g4,0.15.1,stm32g4x3
STM32G473VC,stm32g4,0.15.1,stm32g4x3
STM32G473VE,stm32g4,0.15.1,stm32g4x3
STM32G474CB,stm32g4,0.15.1,stm32g4x4
STM32G474CC,stm32g4,0.15.1,stm32g4x4
STM32G474CE,stm32g4,0.15.1,stm32g4x4
STM32G474MB,stm32g4,0.15.1,stm32g4x4
STM32G474MC,stm32g4,0.15.1,stm32g4x4
STM32G474ME,stm32g4,0.15.1,stm32g4x4
STM32G474PB,stm32g4,0.15.1,stm32g4x4
STM32G474PC,stm32g4,0.15.1,stm32g4x4
STM32G474PE,stm32g4,0.15.1,stm32g4x4
STM32G474QB,stm32g4,0.15.1,stm32g4x4
STM32G474QC,stm32g4,0.15.1,stm32g4x4
STM32G474QE,stm32g4,0.15.1,stm32g4x4
STM32G474RB,stm32g4,0.15.1,stm32g4x4
STM32G474RC,stm32g4,0.15.1,stm32g4x4
STM32G474RE,stm32g4,0.15.1,stm32g4x4
STM32G474VB,stm32g4,0.15.1,stm32g4x4
STM32G474VC,stm32g4,0.15.1,stm32g4x4
STM32G474VE,stm32g4,0.15.1,stm32g4x4
STM32G483CE,stm32g4,0.15.1,stm32g4x3
STM32G483ME,stm32g4,0.15.1,stm32g4x3
STM32G483PE,stm32g4,0.15.1,stm32g4x3
STM32G483QE,stm32g4,0.15.1,stm32g4x3
STM32G483RE,stm32g4,0.15.1,stm32g4x3
STM32G483VE,stm32g4,0.15.1,stm32g4x3
STM32G484CE,stm32g4,0.15.1,stm32g4x4
STM32G484ME,stm32g4,0.15.1,stm32g4x4
STM32G484PE,stm32g4,0.15.1,stm32g4x4
STM32G484QE,stm32g4,0.15.1,stm32g4x4
STM32G484RE,stm32g4,0.15.1,stm32g4x4
STM32G484VE,stm32g4,0.15.1,stm32g4x4
STM32G491CC,stm32g4,0.15.1,stm32g4x1
STM32G491CE,stm32g4,0.15.1,stm32g4x1
STM32G491KC,stm32g4,0.15.1,stm32g4x1
STM32G491KE,stm32g4,0.15.1,stm32g4x1
STM32G491MC,stm32g4,0.15.1,stm32g4x1
STM32G491ME,stm32g4,0.15.1,stm32g4x1
STM32G491RC,stm32g4,0.15.1,stm32g4x1
STM32G491RE,stm32g4,0.15.1,stm32g4x1
STM32G491VC,stm32g4,0.15.1,stm32g4x1
STM32G491VE,stm32g4,0.15.1,stm32g4x1
STM32G4A1CE,stm32g4,0.15.1,stm32g4x1
STM32G4A1KE,stm32g4,0.15.1,stm32g4x1
STM32G4A1ME,stm32g4,0.15.1,stm32g4x1
STM32G4A1RE,stm32g4,0.15.1,stm32g4x1
STM32G4A1VE,stm32g4,0.15.1,stm32g4x1
STM32H503CB,stm32h5,0.15.1,stm32h503
STM32H503EB,stm32h5,0.15.1,stm32h503
STM32H503KB,stm32h5,0.15.1,stm32h503
STM32H503RB,stm32h5,0.15.1,stm32h503
STM32H523CC,stm32h5,0.15.1,stm32h503
STM32H523CE,stm32h5,0.15.1,stm32h503
STM32H523HE,stm32h5,0.15.1,stm32h503
STM32H523RC,stm32h5,0.15.1,stm32h503
STM32H523RE,stm32h5,0.15.1,stm32h503
STM32H523VC,stm32h5,0.15.1,stm32h503
STM32H523VE,stm32h5,0.15.1,stm32h503
STM32H523ZC,stm32h5,0.15.1,stm32h503
STM32H523ZE,stm32h5,0.15.1,stm32h503
STM32H533CE,stm32h5,0.15.1,stm32h503
STM32H533HE,stm32h5,0.15.1,stm32h503
STM32H533RE,stm32h5,0.15.1,stm32h503
STM32H533VE,stm32h5,0.15.1,stm32h503
STM32H533ZE,stm32h5,0.15.1,stm32h503
STM32H562AG,stm32h5,0.15.1,stm32h562
STM32H562AI,stm32h5,0.15.1,stm32h562
STM32H562IG,stm32h5,0.15.1,stm32h562
STM32H562II,stm32h5,0.15.1,stm32h562
STM32H562RG,stm32h5,0.15.1,stm32h562
STM32H562RI,stm32h5,0.15.1,stm32h562
STM32H562VG,stm32h5,0.15.1,stm32h562
STM32H562VI,stm32h5,0.15.1,stm32h562
STM32H562ZG,stm32h5,0.15.1,stm32h562
STM32H562ZI,stm32h5,0.15.1,stm32h562
STM32H563AG,stm32h5,0.15.1,stm32h563
STM32H563AI,stm32h5,0.15.1,stm32h563
STM32H563IG,stm32h5,0.15.1,stm32h563
STM32H563II,stm32h5,0.15.1,stm32h563
STM32H563MI,stm32h5,0.15.1,stm32h563
STM32H563RG,stm32h5,0.15.1,stm32h563
STM32H563RI,stm32h5,0.15.1,stm32h563
STM32H563VG,stm32h5,0.15.1,stm32h563
STM32H563VI,stm32h5,0.15.1,stm32h563
STM32H563ZG,stm32h5,0.15.1,stm32h563
STM32H563ZI,stm32h5,0.15.1,stm32h563
STM32H573AI,stm32h5,0.15.1,stm32h573
STM32H573II,stm32h5,0.15.1,stm32h573
STM32H573MI,stm32h5,0.15.1,stm32h573
STM32H573RI,stm32h5,0.15.1,stm32h573
STM32H573VI,stm32h5,0.15.1,stm32h573
STM32H573ZI,stm32h5,0.15.1,stm32h573
STM32H723VE,stm32h7,0.15.1,stm32h735
STM32H723VG,stm32h7,0.15.1,stm32h735
STM32H723ZE,stm32h7,0.15.1,stm32h735
STM32H723ZG,stm32h7,0.15.1,stm32h735
STM32H725AE,stm32h7,0.15.1,stm32h735
STM32H725AG,stm32h7,0.15.1,stm32h735
STM32H725IE,stm32h7,0.15.1,stm32h735
STM32H725IG,stm32h7,0.15.1,stm32h735
STM32H725RE,stm32h7,0.15.1,stm32h735
STM32H725RG,stm32h7,0.15.1,stm32h735
STM32H725VE,stm32h7,0.15.1,stm32h735
STM32H725VG,stm32h7,0.15.1,stm32h735
STM32H725ZE,stm32h7,0.15.1,stm32h735
STM32H725ZG,stm32h7,0.15.1,stm32h735
STM32H730AB,stm32h7,0.15.1,stm32h735
STM32H730IB,stm32h7,0.15.1,stm32h735
STM32H730VB,stm32h7,0.15.1,stm32h735
STM32H730ZB,stm32h7,0.15.1,stm32h735
STM32H733VG,stm32h7,0.15.1,stm32h735
STM32H733ZG,stm32h7,0.15.1,stm32h735
STM32H735AG,stm32h7,0.15.1,stm32h735
STM32H735IG,stm32h7,0.15.1,stm32h735
STM32H735RG,stm32h7,0.15.1,stm32h735
STM32H735VG,stm32h7,0.15.1,stm32h735
STM32H735ZG,stm32h7,0.15.1,stm32h735
STM32H742AG,stm32h7,0.15.1,-
STM32H742AI,stm32h7,0.15.1,-
STM32H742BG,stm32h7,0.15.1,-
STM32H742BI,stm32h7,0.15.1,-
STM32H742IG,stm32h7,0.15.1,-
STM32H742II,stm32h7,0.15.1,-
STM32H742VG,stm32h7,0.15.1,-
STM32H742VI,stm32h7,0.15.1,-
STM32H742XG,stm32h7,0.15.1,-
STM32H742XI,stm32h7,0.15.1,-
STM32H742ZG,stm32h7,0.15.1,-
STM32H742ZI,stm32h7,0.15.1,-
STM32H743AG,stm32h7,0.15.1,stm32h743
STM32H743AI,stm32h7,0.15.1,stm32h743
STM32H743BG,stm32h7,0.15.1,stm32h743
STM32H743BI,stm32h7,0.15.1,stm32h743
STM32H743IG,stm32h7,0.15.1,stm32h743
STM32H743II,stm32h7,0.15.1,stm32h743
STM32H743VG,stm32h7,0.15.1,stm32h743
STM32H743VI,stm32h7,0.15.1,stm32h743
STM32H743XG,stm32h7,0.15.1,stm32h743
STM32H743XI,stm32h7,0.15.1,stm32h743
STM32H743ZG,stm32h7,0.15.1,stm32h743
STM32H743ZI,stm32h7,0.15.1,stm32h743
STM32H745BG,stm32h7,0.15.1,"stm32h747cm4,stm32h747cm7"
STM32H745BI,stm32h7,0.15.1,"stm32h747cm4,stm32h747cm7"
STM32H745IG,stm32h7,0.15.1,"stm32h747cm4,stm32h747cm7"
STM32H745II,stm32h7,0.15.1,"stm32h747cm4,stm32h747cm7"
STM32H745XG,stm32h7,0.15.1,"stm32h747cm4,stm32h747cm7"
STM32H745XI,stm32h7,0.15.1,"stm32h747cm4,stm32h747cm7"
STM32H745ZG,stm32h7,0.15.1,"stm32h747cm4,stm32h747cm7"
STM32H745ZI,stm32h7,0.15.1,"stm32h747cm4,stm32h747cm7"
STM32H747AG,stm32h7,0.15.1,"stm32h747cm4,stm32h747cm7"
STM32H747AI,stm32h7,0.15.1,"stm32h747cm4,stm32h747cm7"
STM32H747BG,stm32h7,0.15.1,"stm32h747cm4,stm32h747cm7"
STM32H747BI,stm32h7,0.15.1,"stm32h747cm4,stm32h747cm7"
STM32H747IG,stm32h7,0.15.1,"stm32h747cm4,stm32h747cm7"
STM32H747II,stm32h7,0.15.1,"stm32h747cm4,stm32h747cm7"
STM32H747XG,stm32h7,0.15.1,"stm32h747cm4,stm32h747cm7"
STM32H747XI,stm32h7,0.15.1,"stm32h747cm4,stm32h747cm7"
STM32H747ZI,stm32h7,0.15.1,"stm32h747cm4,stm32h747cm7"
STM32H750IB,stm32h7,0.15.1,-
STM32H750VB,stm32h7,0.15.1,-
STM32H750XB,stm32h7,0.15.1,-
STM32H750ZB,stm32h7,0.15.1,-
STM32H753AI,stm32h7,0.15.1,stm32h753
STM32H753BI,stm32h7,0.15.1,stm32h753
STM32H753II,stm32h7,0.15.1,stm32h753
STM32H753VI,stm32h7,0.15.1,stm32h753
STM32H753XI,stm32h7,0.15.1,stm32h753
STM32H753ZI,stm32h7,0.15.1,stm32h753
STM32H755BI,stm32h7,0.15.1,"stm32h747cm4,stm32h747cm7"
STM32H755II,stm32h7,0.15.1,"stm32h747cm4,stm32h747cm7"
STM32H755XI,stm32h7,0.15.1,"stm32h747cm4,stm32h747cm7"
STM32H755ZI,stm32h7,0.15.1,"stm32h747cm4,stm32h747cm7"
STM32H757AI,stm32h7,0.15.1,"stm32h747cm4,stm32h747cm7"
STM32H757BI,stm32h7,0.15.1,"stm32h747cm4,stm32h747cm7"
STM32H757II,stm32h7,0.15.1,"stm32h747cm4,stm32h747cm7"
STM32H757XI,stm32h7,0.15.1,"stm32h747cm4,stm32h747cm7"
STM32H757ZI,stm32h7,0.15.1,"stm32h747cm4,stm32h747cm7"
STM32H7A3AG,stm32h7,0.15.1,stm32h7b3
STM32H7A3AI,stm32h7,0.15.1,stm32h7b3
STM32H7A3IG,stm32h7,0.15.1,stm32h7b3
STM32H7A3II,stm32h7,0.15.1,stm32h7b3
STM32H7A3LG,stm32h7,0.15.1,stm32h7b3
STM32H7A3LI,stm32h7,0.15.1,stm32h7b3
STM32H7A3NG,stm32h7,0.15.1,stm32h7b3
STM32H7A3NI,stm32h7,0.15.1,stm32h7b3
STM32H7A3QI,stm32h7,0.15.1,stm32h7b3
STM32H7A3RG,stm32h7,0.15.1,stm32h7b3
STM32H7A3RI,stm32h7,0.15.1,stm32h7b3
STM32H7A3VG,stm32h7,0.15.1,stm32h7b3
STM32H7A3VI,stm32h7,0.15.1,stm32h7b3
STM32H7A3ZG,stm32h7,0.15.1,stm32h7b3
STM32H7A3ZI,stm32h7,0.15.1,stm32h7b3
STM32H7B0AB,stm32h7,0.15.1,stm32h7b3
STM32H7B0IB,stm32h7,0.15.1,stm32h7b3
STM32H7B0RB,stm32h7,0.15.1,stm32h7b3
STM32H7B0VB,stm32h7,0.15.1,stm32h7b3
STM32H7B0ZB,stm32h7,0.15.1,stm32h7b3
STM32H7B3AI,stm32h7,0.15.1,stm32h7b3
STM32H7B3II,stm32h7,0.15.1,stm32h7b3
STM32H7B3LI,stm32h7,0.15.1,stm32h7b3
STM32H7B3NI,stm32h7,0.15.1,stm32h7b3
STM32H7B3NI,stm32h7,0.15.1,stm32h7b3
STM32H7B3RI,stm32h7,0.15.1,stm32h7b3
STM32H7B3VI,stm32h7,0.15.1,stm32h7b3
STM32H7B3ZI,stm32h7,0.15.1,stm32h7b3
STM32H7R3A8,stm32h7,0.15.1,-
STM32H7R3I8,stm32h7,0.15.1,-
STM32H7R3L8,stm32h7,0.15.1,-
STM32H7R3R8,stm32h7,0.15.1,-
STM32H7R3V8,stm32h7,0.15.1,-
STM32H7R3Z8,stm32h7,0.15.1,-
STM32H7R7A8,stm32h7,0.15.1,-
STM32H7R7I8,stm32h7,0.15.1,-
STM32H7R7L8,stm32h7,0.15.1,-
STM32H7R7Z8,stm32h7,0.15.1,-
STM32H7S3A8,stm32h7,0.15.1,-
STM32H7S3I8,stm32h7,0.15.1,-
STM32H7S3L8,stm32h7,0.15.1,-
STM32H7S3R8,stm32h7,0.15.1,-
STM32H7S3V8,stm32h7,0.15.1,-
STM32H7S3Z8,stm32h7,0.15.1,-
STM32H7S7A8,stm32h7,0.15.1,-
STM32H7S7I8,stm32h7,0.15.1,-
STM32H7S7L8,stm32h7,0.15.1,-
STM32H7S7Z8,stm32h7,0.15.1,-
STM32L010C6,stm32l0,0.15.1,stm32l0x0
STM32L010F4,stm32l0,0.15.1,stm32l0x0
STM32L010K4,stm32l0,0.15.1,stm32l0x0
STM32L010K8,stm32l0,0.15.1,stm32l0x0
STM32L010R8,stm32l0,0.15.1,stm32l0x0
STM32L010RB,stm32l0,0.15.1,stm32l0x0
STM32L011D3,stm32l0,0.15.1,stm32l0x1
STM32L011D4,stm32l0,0.15.1,stm32l0x1
STM32L011E3,stm32l0,0.15.1,stm32l0x1
STM32L011E4,stm32l0,0.15.1,stm32l0x1
STM32L011F3,stm32l0,0.15.1,stm32l0x1
STM32L011F4,stm32l0,0.15.1,stm32l0x1
STM32L011G3,stm32l0,0.15.1,stm32l0x1
STM32L011G4,stm32l0,0.15.1,stm32l0x1
STM32L011K3,stm32l0,0.15.1,stm32l0x1
STM32L011K4,stm32l0,0.15.1,stm32l0x1
STM32L021D4,stm32l0,0.15.1,stm32l0x1
STM32L021F4,stm32l0,0.15.1,stm32l0x1
STM32L021G4,stm32l0,0.15.1,stm32l0x1
STM32L021K4,stm32l0,0.15.1,stm32l0x1
STM32L031C4,stm32l0,0.15.1,stm32l0x1
STM32L031C6,stm32l0,0.15.1,stm32l0x1
STM32L031E4,stm32l0,0.15.1,stm32l0x1
STM32L031E6,stm32l0,0.15.1,stm32l0x1
STM32L031F4,stm32l0,0.15.1,stm32l0x1
STM32L031F6,stm32l0,0.15.1,stm32l0x1
STM32L031G4,stm32l0,0.15.1,stm32l0x1
STM32L031G6,stm32l0,0.15.1,stm32l0x1
STM32L031K4,stm32l0,0.15.1,stm32l0x1
STM32L031K6,stm32l0,0.15.1,stm32l0x1
STM32L041C6,stm32l0,0.15.1,stm32l0x1
STM32L041E6,stm32l0,0.15.1,stm32l0x1
STM32L041F6,stm32l0,0.15.1,stm32l0x1
STM32L041G6,stm32l0,0.15.1,stm32l0x1
STM32L041K6,stm32l0,0.15.1,stm32l0x1
STM32L051C6,stm32l0,0.15.1,stm32l0x1
STM32L051C8,stm32l0,0.15.1,stm32l0x1
STM32L051K6,stm32l0,0.15.1,stm32l0x1
STM32L051K8,stm32l0,0.15.1,stm32l0x1
STM32L051R6,stm32l0,0.15.1,stm32l0x1
STM32L051R8,stm32l0,0.15.1,stm32l0x1
STM32L051T6,stm32l0,0.15.1,stm32l0x1
STM32L051T8,stm32l0,0.15.1,stm32l0x1
STM32L052C6,stm32l0,0.15.1,stm32l0x2
STM32L052C8,stm32l0,0.15.1,stm32l0x2
STM32L052K6,stm32l0,0.15.1,stm32l0x2
STM32L052K8,stm32l0,0.15.1,stm32l0x2
STM32L052R6,stm32l0,0.15.1,stm32l0x2
STM32L052R8,stm32l0,0.15.1,stm32l0x2
STM32L052T6,stm32l0,0.15.1,stm32l0x2
STM32L052T8,stm32l0,0.15.1,stm32l0x2
STM32L053C6,stm32l0,0.15.1,stm32l0x3
STM32L053C8,stm32l0,0.15.1,stm32l0x3
STM32L053R6,stm32l0,0.15.1,stm32l0x3
STM32L053R8,stm32l0,0.15.1,stm32l0x3
STM32L062C8,stm32l0,0.15.1,stm32l0x2
STM32L062K8,stm32l0,0.15.1,stm32l0x2
STM32L063C8,stm32l0,0.15.1,stm32l0x3
STM32L063R8,stm32l0,0.15.1,stm32l0x3
STM32L071C8,stm32l0,0.15.1,stm32l0x1
STM32L071CB,stm32l0,0.15.1,stm32l0x1
STM32L071CZ,stm32l0,0.15.1,stm32l0x1
STM32L071K8,stm32l0,0.15.1,stm32l0x1
STM32L071KB,stm32l0,0.15.1,stm32l0x1
STM32L071KZ,stm32l0,0.15.1,stm32l0x1
STM32L071RB,stm32l0,0.15.1,stm32l0x1
STM32L071RZ,stm32l0,0.15.1,stm32l0x1
STM32L071V8,stm32l0,0.15.1,stm32l0x1
STM32L071VB,stm32l0,0.15.1,stm32l0x1
STM32L071VZ,stm32l0,0.15.1,stm32l0x1
STM32L072CB,stm32l0,0.15.1,stm32l0x2
STM32L072CZ,stm32l0,0.15.1,stm32l0x2
STM32L072KB,stm32l0,0.15.1,stm32l0x2
STM32L072KZ,stm32l0,0.15.1,stm32l0x2
STM32L072RB,stm32l0,0.15.1,stm32l0x2
STM32L072RZ,stm32l0,0.15.1,stm32l0x2
STM32L072V8,stm32l0,0.15.1,stm32l0x2
STM32L072VB,stm32l0,0.15.1,stm32l0x2
STM32L072VZ,stm32l0,0.15.1,stm32l0x2
STM32L073CB,stm32l0,0.15.1,stm32l0x3
STM32L073CZ,stm32l0,0.15.1,stm32l0x3
STM32L073RB,stm32l0,0.15.1,stm32l0x3
STM32L073RZ,stm32l0,0.15.1,stm32l0x3
STM32L073V8,stm32l0,0.15.1,stm32l0x3
STM32L073VB,stm32l0,0.15.1,stm32l0x3
STM32L073VZ,stm32l0,0.15.1,stm32l0x3
STM32L081CB,stm32l0,0.15.1,stm32l0x1
STM32L081CZ,stm32l0,0.15.1,stm32l0x1
STM32L081KZ,stm32l0,0.15.1,stm32l0x1
STM32L082CZ,stm32l0,0.15.1,stm32l0x2
STM32L082KB,stm32l0,0.15.1,stm32l0x2
STM32L082KZ,stm32l0,0.15.1,stm32l0x2
STM32L083CB,stm32l0,0.15.1,stm32l0x3
STM32L083CZ,stm32l0,0.15.1,stm32l0x3
STM32L083RB,stm32l0,0.15.1,stm32l0x3
STM32L083RZ,stm32l0,0.15.1,stm32l0x3
STM32L083V8,stm32l0,0.15.1,stm32l0x3
STM32L083VB,stm32l0,0.15.1,stm32l0x3
STM32L083VZ,stm32l0,0.15.1,stm32l0x3
STM32L100C6-A,stm32l1,0.15.1,stm32l100
STM32L100R8-A,stm32l1,0.15.1,stm32l100
STM32L100RB-A,stm32l1,0.15.1,stm32l100
STM32L100RC,stm32l1,0.15.1,stm32l100
STM32L151C6-A,stm32l1,0.15.1,stm32l151
STM32L151C8-A,stm32l1,0.15.1,stm32l151
STM32L151CB-A,stm32l1,0.15.1,stm32l151
STM32L151CC,stm32l1,0.15.1,stm32l151
STM32L151QC,stm32l1,0.15.1,stm32l151
STM32L151QD,stm32l1,0.15.1,stm32l151
STM32L151QE,stm32l1,0.15.1,stm32l151
STM32L151R6-A,stm32l1,0.15.1,stm32l151
STM32L151R8-A,stm32l1,0.15.1,stm32l151
STM32L151RB-A,stm32l1,0.15.1,stm32l151
STM32L151RC,stm32l1,0.15.1,stm32l151
STM32L151RD,stm32l1,0.15.1,stm32l151
STM32L151RE,stm32l1,0.15.1,stm32l151
STM32L151UC,stm32l1,0.15.1,stm32l151
STM32L151V8-A,stm32l1,0.15.1,stm32l151
STM32L151VB-A,stm32l1,0.15.1,stm32l151
STM32L151VC,stm32l1,0.15.1,stm32l151
STM32L151VD,stm32l1,0.15.1,stm32l151
STM32L151VD-X,stm32l1,0.15.1,stm32l151
STM32L151VE,stm32l1,0.15.1,stm32l151
STM32L151ZC,stm32l1,0.15.1,stm32l151
STM32L151ZD,stm32l1,0.15.1,stm32l151
STM32L151ZE,stm32l1,0.15.1,stm32l151
STM32L152C6-A,stm32l1,0.15.1,stm32l151
STM32L152C8-A,stm32l1,0.15.1,stm32l151
STM32L152CB-A,stm32l1,0.15.1,stm32l151
STM32L152CC,stm32l1,0.15.1,stm32l151
STM32L152QC,stm32l1,0.15.1,stm32l151
STM32L152QD,stm32l1,0.15.1,stm32l151
STM32L152QE,stm32l1,0.15.1,stm32l151
STM32L152R6-A,stm32l1,0.15.1,stm32l151
STM32L152R8-A,stm32l1,0.15.1,stm32l151
STM32L152RB-A,stm32l1,0.15.1,stm32l151
STM32L152RC,stm32l1,0.15.1,stm32l151
STM32L152RD,stm32l1,0.15.1,stm32l151
STM32L152RE,stm32l1,0.15.1,stm32l151
STM32L152UC,stm32l1,0.15.1,stm32l151
STM32L152V8-A,stm32l1,0.15.1,stm32l151
STM32L152VB-A,stm32l1,0.15.1,stm32l151
STM32L152VC,stm32l1,0.15.1,stm32l151
STM32L152VD,stm32l1,0.15.1,stm32l151
STM32L152VD-X,stm32l1,0.15.1,stm32l151
STM32L152VE,stm32l1,0.15.1,stm32l151
STM32L152ZC,stm32l1,0.15.1,stm32l151
STM32L152ZD,stm32l1,0.15.1,stm32l151
STM32L152ZE,stm32l1,0.15.1,stm32l151
STM32L162QC,stm32l1,0.15.1,stm32l162
STM32L162QD,stm32l1,0.15.1,stm32l162
STM32L162RC,stm32l1,0.15.1,stm32l162
STM32L162RD,stm32l1,0.15.1,stm32l162
STM32L162RE,stm32l1,0.15.1,stm32l162
STM32L162VC,stm32l1,0.15.1,stm32l162
STM32L162VD,stm32l1,0.15.1,stm32l162
STM32L162VD-X,stm32l1,0.15.1,stm32l162
STM32L162VE,stm32l1,0.15.1,stm32l162
STM32L162ZC,stm32l1,0.15.1,stm32l162
STM32L162ZD,stm32l1,0.15.1,stm32l162
STM32L162ZE,stm32l1,0.15.1,stm32l162
STM32L412C8,stm32l4,0.15.1,stm32l412
STM32L412CB,stm32l4,0.15.1,stm32l412
STM32L412K8,stm32l4,0.15.1,stm32l412
STM32L412KB,stm32l4,0.15.1,stm32l412
STM32L412R8,stm32l4,0.15.1,stm32l412
STM32L412RB,stm32l4,0.15.1,stm32l412
STM32L412T8,stm32l4,0.15.1,stm32l412
STM32L412TB,stm32l4,0.15.1,stm32l412
STM32L422CB,stm32l4,0.15.1,stm32l412
STM32L422KB,stm32l4,0.15.1,stm32l412
STM32L422RB,stm32l4,0.15.1,stm32l412
STM32L422TB,stm32l4,0.15.1,stm32l412
STM32L431CB,stm32l4,0.15.1,stm32l4x1
STM32L431CC,stm32l4,0.15.1,stm32l4x1
STM32L431KB,stm32l4,0.15.1,stm32l4x1
STM32L431KC,stm32l4,0.15.1,stm32l4x1
STM32L431RB,stm32l4,0.15.1,stm32l4x1
STM32L431RC,stm32l4,0.15.1,stm32l4x1
STM32L431VC,stm32l4,0.15.1,stm32l4x1
STM32L432KB,stm32l4,0.15.1,stm32l4x2
STM32L432KC,stm32l4,0.15.1,stm32l4x2
STM32L433CB,stm32l4,0.15.1,stm32l4x3
STM32L433CC,stm32l4,0.15.1,stm32l4x3
STM32L433RB,stm32l4,0.15.1,stm32l4x3
STM32L433RC,stm32l4,0.15.1,stm32l4x3
STM32L433VC,stm32l4,0.15.1,stm32l4x3
STM32L442KC,stm32l4,0.15.1,stm32l4x2
STM32L443CC,stm32l4,0.15.1,stm32l4x3
STM32L443RC,stm32l4,0.15.1,stm32l4x3
STM32L443VC,stm32l4,0.15.1,stm32l4x3
STM32L451CC,stm32l4,0.15.1,stm32l4x1
STM32L451CE,stm32l4,0.15.1,stm32l4x1
STM32L451RC,stm32l4,0.15.1,stm32l4x1
STM32L451RE,stm32l4,0.15.1,stm32l4x1
STM32L451VC,stm32l4,0.15.1,stm32l4x1
STM32L451VE,stm32l4,0.15.1,stm32l4x1
STM32L452CC,stm32l4,0.15.1,stm32l4x2
STM32L452CE,stm32l4,0.15.1,stm32l4x2
STM32L452RC,stm32l4,0.15.1,stm32l4x2
STM32L452RE,stm32l4,0.15.1,stm32l4x2
STM32L452VC,stm32l4,0.15.1,stm32l4x2
STM32L452VE,stm32l4,0.15.1,stm32l4x2
STM32L462CE,stm32l4,0.15.1,stm32l4x2
STM32L462RE,stm32l4,0.15.1,stm32l4x2
STM32L462VE,stm32l4,0.15.1,stm32l4x2
STM32L471QE,stm32l4,0.15.1,stm32l4x1
STM32L471QG,stm32l4,0.15.1,stm32l4x1
STM32L471RE,stm32l4,0.15.1,stm32l4x1
STM32L471RG,stm32l4,0.15.1,stm32l4x1
STM32L471VE,stm32l4,0.15.1,stm32l4x1
STM32L471VG,stm32l4,0.15.1,stm32l4x1
STM32L471ZE,stm32l4,0.15.1,stm32l4x1
STM32L471ZG,stm32l4,0.15.1,stm32l4x1
STM32L475RC,stm32l4,0.15.1,stm32l4x5
STM32L475RE,stm32l4,0.15.1,stm32l4x5
STM32L475RG,stm32l4,0.15.1,stm32l4x5
STM32L475VC,stm32l4,0.15.1,stm32l4x5
STM32L475VE,stm32l4,0.15.1,stm32l4x5
STM32L475VG,stm32l4,0.15.1,stm32l4x5
STM32L476JE,stm32l4,0.15.1,stm32l4x6
STM32L476JG,stm32l4,0.15.1,stm32l4x6
STM32L476ME,stm32l4,0.15.1,stm32l4x6
STM32L476MG,stm32l4,0.15.1,stm32l4x6
STM32L476QE,stm32l4,0.15.1,stm32l4x6
STM32L476QG,stm32l4,0.15.1,stm32l4x6
STM32L476RC,stm32l4,0.15.1,stm32l4x6
STM32L476RE,stm32l4,0.15.1,stm32l4x6
STM32L476RG,stm32l4,0.15.1,stm32l4x6
STM32L476VC,stm32l4,0.15.1,stm32l4x6
STM32L476VE,stm32l4,0.15.1,stm32l4x6
STM32L476VG,stm32l4,0.15.1,stm32l4x6
STM32L476ZE,stm32l4,0.15.1,stm32l4x6
STM32L476ZG,stm32l4,0.15.1,stm32l4x6
STM32L486JG,stm32l4,0.15.1,stm32l4x6
STM32L486QG,stm32l4,0.15.1,stm32l4x6
STM32L486RG,stm32l4,0.15.1,stm32l4x6
STM32L486VG,stm32l4,0.15.1,stm32l4x6
STM32L486ZG,stm32l4,0.15.1,stm32l4x6
STM32L496AE,stm32l4,0.15.1,stm32l4x6
STM32L496AG,stm32l4,0.15.1,stm32l4x6
STM32L496QE,stm32l4,0.15.1,stm32l4x6
STM32L496QG,stm32l4,0.15.1,stm32l4x6
STM32L496RE,stm32l4,0.15.1,stm32l4x6
STM32L496RG,stm32l4,0.15.1,stm32l4x6
STM32L496VE,stm32l4,0.15.1,stm32l4x6
STM32L496VG,stm32l4,0.15.1,stm32l4x6
STM32L496WG,stm32l4,0.15.1,stm32l4x6
STM32L496ZE,stm32l4,0.15.1,stm32l4x6
STM32L496ZG,stm32l4,0.15.1,stm32l4x6
STM32L4A6AG,stm32l4,0.15.1,stm32l4x6
STM32L4A6QG,stm32l4,0.15.1,stm32l4x6
STM32L4A6RG,stm32l4,0.15.1,stm32l4x6
STM32L4A6VG,stm32l4,0.15.1,stm32l4x6
STM32L4A6ZG,stm32l4,0.15.1,stm32l4x6
STM32L4P5AE,stm32l4,0.15.1,-
STM32L4P5AG,stm32l4,0.15.1,-
STM32L4P5CE,stm32l4,0.15.1,-
STM32L4P5CG,stm32l4,0.15.1,-
STM32L4P5QE,stm32l4,0.15.1,-
STM32L4P5QG,stm32l4,0.15.1,-
STM32L4P5RE,stm32l4,0.15.1,-
STM32L4P5RG,stm32l4,0.15.1,-
STM32L4P5VE,stm32l4,0.15.1,-
STM32L4P5VG,stm32l4,0.15.1,-
STM32L4P5ZE,stm32l4,0.15.1,-
STM32L4P5ZG,stm32l4,0.15.1,-
STM32L4Q5AG,stm32l4,0.15.1,-
STM32L4Q5CG,stm32l4,0.15.1,-
STM32L4Q5QG,stm32l4,0.15.1,-
STM32L4Q5RG,stm32l4,0.15.1,-
STM32L4Q5VG,stm32l4,0.15.1,-
STM32L4Q5ZG,stm32l4,0.15.1,-
STM32L4R5AG,stm32l4,0.15.1,stm32l4r5
STM32L4R5AI,stm32l4,0.15.1,stm32l4r5
STM32L4R5QG,stm32l4,0.15.1,stm32l4r5
STM32L4R5QI,stm32l4,0.15.1,stm32l4r5
STM32L4R5VG,stm32l4,0.15.1,stm32l4r5
STM32L4R5VI,stm32l4,0.15.1,stm32l4r5
STM32L4R5ZG,stm32l4,0.15.1,stm32l4r5
STM32L4R5ZI,stm32l4,0.15.1,stm32l4r5
STM32L4R7AI,stm32l4,0.15.1,-
STM32L4R7VI,stm32l4,0.15.1,-
STM32L4R7ZI,stm32l4,0.15.1,-
STM32L4R9AG,stm32l4,0.15.1,stm32l4r9
STM32L4R9AI,stm32l4,0.15.1,stm32l4r9
STM32L4R9VG,stm32l4,0.15.1,stm32l4r9
STM32L4R9VI,stm32l4,0.15.1,stm32l4r9
STM32L4R9ZG,stm32l4,0.15.1,stm32l4r9
STM32L4R9ZI,stm32l4,0.15.1,stm32l4r9
STM32L4S5AI,stm32l4,0.15.1,stm32l4r5
STM32L4S5QI,stm32l4,0.15.1,stm32l4r5
STM32L4S5VI,stm32l4,0.15.1,stm32l4r5
STM32L4S5ZI,stm32l4,0.15.1,-
STM32L4S7AI,stm32l4,0.15.1,-
STM32L4S7VI,stm32l4,0.15.1,-
STM32L4S7ZI,stm32l4,0.15.1,-
STM32L4S9AI,stm32l4,0.15.1,stm32l4r9
STM32L4S9VI,stm32l4,0.15.1,stm32l4r9
STM32L4S9ZI,stm32l4,0.15.1,stm32l4r9
STM32L552CC,stm32l5,0.15.1,stm32l552
STM32L552CE,stm32l5,0.15.1,stm32l552
STM32L552ME,stm32l5,0.15.1,stm32l552
STM32L552QC,stm32l5,0.15.1,stm32l552
STM32L552QE,stm32l5,0.15.1,stm32l552
STM32L552RC,stm32l5,0.15.1,stm32l552
STM32L552RE,stm32l5,0.15.1,stm32l552
STM32L552VC,stm32l5,0.15.1,stm32l552
STM32L552VE,stm32l5,0.15.1,stm32l552
STM32L552ZC,stm32l5,0.15.1,stm32l552
STM32L552ZE,stm32l5,0.15.1,stm32l552
STM32L562CE,stm32l5,0.15.1,stm32l562
STM32L562ME,stm32l5,0.15.1,stm32l562
STM32L562QE,stm32l5,0.15.1,stm32l562
STM32L562RE,stm32l5,0.15.1,stm32l562
STM32L562VE,stm32l5,0.15.1,stm32l562
STM32L562ZE,stm32l5,0.15.1,stm32l562
STM32N645A0,-,-,-
STM32N645B0,-,-,-
STM32N645I0,-,-,-
STM32N645L0,-,-,-
STM32N645X0,-,-,-
STM32N645Z0,-,-,-
STM32N647A0,-,-,-
STM32N647B0,-,-,-
STM32N647I0,-,-,-
STM32N647L0,-,-,-
STM32N647X0,-,-,-
STM32N647Z0,-,-,-
STM32N655A0,-,-,-
STM32N655B0,-,-,-
STM32N655I0,-,-,-
STM32N655L0,-,-,-
STM32N655X0,-,-,-
STM32N655Z0,-,-,-
STM32N657A0,-,-,-
STM32N657B0,-,-,-
STM32N657I0,-,-,-
STM32N657L0,-,-,-
STM32N657X0,-,-,-
STM32N657Z0,-,-,-
STM32U031C6,-,-,-
STM32U031C8,-,-,-
STM32U031F4,-,-,-
STM32U031F6,-,-,-
STM32U031F8,-,-,-
STM32U031K4,-,-,-
STM32U031K6,-,-,-
STM32U031K8,-,-,-
STM32U031R6,-,-,-
STM32U031R8,-,-,-
STM32U073C8,-,-,-
STM32U073CB,-,-,-
STM32U073CC,-,-,-
STM32U073K8,-,-,-
STM32U073KB,-,-,-
STM32U073KC,-,-,-
STM32U073M8,-,-,-
STM32U073MB,-,-,-
STM32U073MC,-,-,-
STM32U073R8,-,-,-
STM32U073RB,-,-,-
STM32U073RC,-,-,-
STM32U083CC,-,-,-
STM32U083KC,-,-,-
STM32U083MC,-,-,-
STM32U083RC,-,-,-
STM32U375CE,-,-,-
STM32U375CG,-,-,-
STM32U375KE,-,-,-
STM32U375KG,-,-,-
STM32U375RE,-,-,-
STM32U375RG,-,-,-
STM32U375VE,-,-,-
STM32U375VG,-,-,-
STM32U385CG,-,-,-
STM32U385KG,-,-,-
STM32U385RG,-,-,-
STM32U385VG,-,-,-
STM32U535CB,-,-,-
STM32U535CC,-,-,-
STM32U535CE,-,-,-
STM32U535JE,-,-,-
STM32U535NC,-,-,-
STM32U535NE,-,-,-
STM32U535RB,-,-,-
STM32U535RC,-,-,-
STM32U535RE,-,-,-
STM32U535VC,-,-,-
STM32U535VE,-,-,-
STM32U545CE,-,-,-
STM32U545JE,-,-,-
STM32U545NE,-,-,-
STM32U545RE,-,-,-
STM32U545VE,-,-,-
STM32U575AG,-,-,-
STM32U575AI,-,-,-
STM32U575CG,-,-,-
STM32U575CI,-,-,-
STM32U575OG,-,-,-
STM32U575OI,-,-,-
STM32U575QG,-,-,-
STM32U575QI,-,-,-
STM32U575RG,-,-,-
STM32U575RI,-,-,-
STM32U575VG,-,-,-
STM32U575VI,-,-,-
STM32U575ZG,-,-,-
STM32U575ZI,-,-,-
STM32U585AI,-,-,-
STM32U585CI,-,-,-
STM32U585OI,-,-,-
STM32U585QI,-,-,-
STM32U585RI,-,-,-
STM32U585VI,-,-,-
STM32U585ZI,-,-,-
STM32U595AI,-,-,-
STM32U595AJ,-,-,-
STM32U595QI,-,-,-
STM32U595QJ,-,-,-
STM32U595RI,-,-,-
STM32U595RJ,-,-,-
STM32U595VI,-,-,-
STM32U595VJ,-,-,-
STM32U595ZI,-,-,-
STM32U595ZJ,-,-,-
STM32U599BJ,-,-,-
STM32U599NI,-,-,-
STM32U599NJ,-,-,-
STM32U599VI,-,-,-
STM32U599VJ,-,-,-
STM32U599ZI,-,-,-
STM32U599ZJ,-,-,-
STM32U5A5AJ,-,-,-
STM32U5A5QI,-,-,-
STM32U5A5QJ,-,-,-
STM32U5A5RJ,-,-,-
STM32U5A5VJ,-,-,-
STM32U5A5ZJ,-,-,-
STM32U5A9BJ,-,-,-
STM32U5A9NJ,-,-,-
STM32U5A9VJ,-,-,-
STM32U5A9ZJ,-,-,-
STM32U5F7VJ,-,-,-
STM32U5F9BJ,-,-,-
STM32U5F9NJ,-,-,-
STM32U5F9VJ,-,-,-
STM32U5F9ZJ,-,-,-
STM32U5G7VJ,-,-,-
STM32U5G9BJ,-,-,-
STM32U5G9NJ,-,-,-
STM32U5G9VJ,-,-,-
STM32U5G9ZJ,-,-,-
STM32WB05KN,stm32wb,0.15.1,-
STM32WB05KZ,stm32wb,0.15.1,-
STM32WB05TN,stm32wb,0.15.1,-
STM32WB05TZ,stm32wb,0.15.1,-
STM32WB06CC,stm32wb,0.15.1,-
STM32WB06KC,stm32wb,0.15.1,-
STM32WB07CC,stm32wb,0.15.1,-
STM32WB07KC,stm32wb,0.15.1,-
STM32WB09KE,stm32wb,0.15.1,-
STM32WB09TE,stm32wb,0.15.1,-
STM32WB10CC,stm32wb,0.15.1,-
STM32WB15CC,stm32wb,0.15.1,-
STM32WB1MMC,stm32wb,0.15.1,-
STM32WB30CE,stm32wb,0.15.1,-
STM32WB35CC,stm32wb,0.15.1,-
STM32WB35CE,stm32wb,0.15.1,-
STM32WB50CG,stm32wb,0.15.1,-
STM32WB55CC,stm32wb,0.15.1,stm32wb55
STM32WB55CE,stm32wb,0.15.1,stm32wb55
STM32WB55CG,stm32wb,0.15.1,stm32wb55
STM32WB55RC,stm32wb,0.15.1,stm32wb55
STM32WB55RE,stm32wb,0.15.1,stm32wb55
STM32WB55RG,stm32wb,0.15.1,stm32wb55
STM32WB55VC,stm32wb,0.15.1,stm32wb55
STM32WB55VE,stm32wb,0.15.1,stm32wb55
STM32WB55VG,stm32wb,0.15.1,stm32wb55
STM32WB55VY,stm32wb,0.15.1,stm32wb55
STM32WB5MMG,stm32wb,0.15.1,-
STM32WBA50KG,stm32wb,0.15.1,-
STM32WBA52CE,stm32wb,0.15.1,-
STM32WBA52CG,stm32wb,0.15.1,-
STM32WBA52KE,stm32wb,0.15.1,-
STM32WBA52KG,stm32wb,0.15.1,-
STM32WBA54CE,stm32wb,0.15.1,-
STM32WBA54CG,stm32wb,0.15.1,-
STM32WBA54KE,stm32wb,0.15.1,-
STM32WBA54KG,stm32wb,0.15.1,-
STM32WBA55CE,stm32wb,0.15.1,-
STM32WBA55CG,stm32wb,0.15.1,-
STM32WBA55HG,stm32wb,0.15.1,-
STM32WBA55UE,stm32wb,0.15.1,-
STM32WBA55UG,stm32wb,0.15.1,-
STM32WBA62CG,stm32wb,0.15.1,-
STM32WBA62CI,stm32wb,0.15.1,-
STM32WBA62MG,stm32wb,0.15.1,-
STM32WBA62MI,stm32wb,0.15.1,-
STM32WBA62PG,stm32wb,0.15.1,-
STM32WBA62PI,stm32wb,0.15.1,-
STM32WBA63CG,stm32wb,0.15.1,-
STM32WBA63CI,stm32wb,0.15.1,-
STM32WBA64CG,stm32wb,0.15.1,-
STM32WBA64CI,stm32wb,0.15.1,-
STM32WBA65CG,stm32wb,0.15.1,-
STM32WBA65CI,stm32wb,0.15.1,-
STM32WBA65MG,stm32wb,0.15.1,-
STM32WBA65MI,stm32wb,0.15.1,-
STM32WBA65PG,stm32wb,0.15.1,-
STM32WBA65PI,stm32wb,0.15.1,-
STM32WBA65RG,stm32wb,0.15.1,-
STM32WBA65RI,stm32wb,0.15.1,-
STM32WL33C8,stm32wl,0.15.1,-
STM32WL33CB,stm32wl,0.15.1,-
STM32WL33CC,stm32wl,0.15.1,-
STM32WL33K8,stm32wl,0.15.1,-
STM32WL33KB,stm32wl,0.15.1,-
STM32WL33KC,stm32wl,0.15.1,-
STM32WL54CC,stm32wl,0.15.1,"stm32wl5x_cm0p,stm32wl5x_cm4"
STM32WL54JC,stm32wl,0.15.1,"stm32wl5x_cm0p,stm32wl5x_cm4"
STM32WL55CC,stm32wl,0.15.1,"stm32wl5x_cm0p,stm32wl5x_cm4"
STM32WL55JC,stm32wl,0.15.1,"stm32wl5x_cm0p,stm32wl5x_cm4"
STM32WL5MOC,stm32wl,0.15.1,-
STM32WLE4C8,stm32wl,0.15.1,-
STM32WLE4CB,stm32wl,0.15.1,-
STM32WLE4CC,stm32wl,0.15.1,-
STM32WLE4J8,stm32wl,0.15.1,-
STM32WLE4JB,stm32wl,0.15.1,-
STM32WLE4JC,stm32wl,0.15.1,-
STM32WLE5C8,stm32wl,0.15.1,stm32wle5
STM32WLE5CB,stm32wl,0.15.1,stm32wle5
STM32WLE5CC,stm32wl,0.15.1,stm32wle5
STM32WLE5J8,stm32wl,0.15.1,stm32wle5
STM32WLE5JB,stm32wl,0.15.1,stm32wle5
STM32WLE5JC,stm32wl,0.15.1,stm32wle5
STM32L100C6,stm32l1,0.15.1,stm32l100
STM32L100R8,stm32l1,0.15.1,stm32l100
STM32L100RB,stm32l1,0.15.1,stm32l100
STM32L151C6,stm32l1,0.15.1,stm32l151
STM32L151C8,stm32l1,0.15.1,stm32l151
STM32L151CB,stm32l1,0.15.1,stm32l151
STM32L151R6,stm32l1,0.15.1,stm32l151
STM32L151R8,stm32l1,0.15.1,stm32l151
STM32L151RB,stm32l1,0.15.1,stm32l151
STM32L151RC-A,stm32l1,0.15.1,stm32l151
STM32L151V8,stm32l1,0.15.1,stm32l151
STM32L151VB,stm32l1,0.15.1,stm32l151
STM32L151VC-A,stm32l1,0.15.1,stm32l151
STM32L152C6,stm32l1,0.15.1,stm32l151
STM32L152C8,stm32l1,0.15.1,stm32l151
STM32L152CB,stm32l1,0.15.1,stm32l151
STM32L152R6,stm32l1,0.15.1,stm32l151
STM32L152R8,stm32l1,0.15.1,stm32l151
STM32L152RB,stm32l1,0.15.1,stm32l151
STM32L152RC-A,stm32l1,0.15.1,stm32l151
STM32L152V8,stm32l1,0.15.1,stm32l151
STM32L152VB,stm32l1,0.15.1,stm32l151
STM32L152VC-A,stm32l1,0.15.1,stm32l151
STM32L162RC-A,stm32l1,0.15.1,stm32l162
STM32L162VC-A,stm32l1,0.15.1,stm32l162
STM32C051D8,-,-,-
STM32C091EC,-,-,-
STM32C092EC,-,-,-
STM32U031G6,-,-,-
STM32U031G8,-,-,-
STM32U073H8,-,-,-
STM32U073HB,-,-,-
STM32U073HC,-,-,-
STM32U083HC,-,-,-
